business_id,train_interaction_count
-5Rah4ZvWsDu4oilUZxhtw,351
-ATiAtTikuGuqvaW2O6tNA,566
-Bhoyo7LL97tgt9Hze0Saw,16
-CRjqZ4GxZ6lIa_qMj7-yw,55
-IOWVdmqsfd02_G-nJACdQ,53
-NFHQ0ePNYu6SrwekdhcBw,10
-Rn6U-ySYo_Lx9vCgDSooA,23
-SgBPXjleGQqruChlFE03w,13
-Yy3mwrGPJ7GOUwZc7WU_g,65
-cEFKAznWmI0cledNOIQ7w,1088
-dVBeSZxtxpHQ3XdL4E4bQ,155
-nIXhxPvxST6bTuj9jo1UQ,166
-n_beuzQuajaezPD2PyQvA,14
-nh_MbLmAURKEtHV4qpN3A,23
-qWhas31o61V6vC6yo6NWw,30
-rDhWLQJ28L2ttkaftdZNQ,73
-rwfGlw6T5czqQO4uZGWYw,79
-wlmZ-b35UJ-GY-59NDxyw,146
-xgmh7w82mp61c9ZGYEi5A,12
02qFLwwFi8T804rHcYh7Zw,152
0AthhX_KRegsRZ1YyWBB0A,9
0CPhgQAtXvxsmyFNJah16w,167
0F2jyiUdl8CSKQeR1KwVig,51
0JPi9cyV9i3_kDPj049_qQ,89
0JoB3ThhI-DS78-1Ks1EUQ,98
0NZkEpA4VeOy7b56KYGx_Q,38
0N_HQ2GsT1zNKX-escN2ZQ,51
0OtQaTauMzH0JM-NwJdXdw,21
0RO4HyAgoCOqbKqkspoGNg,14
0a8t_Th0jtWUMmtq0q2dqA,29
0ak-7uV9Nb7nF_l-mMCysA,215
0dWrbjWlPDBq3WpDq_bCxQ,133
0pamUcfn0SXbuj79Y_tRiw,50
13HH552okR9DsjANReVeFQ,311
15lTva4TjdKvCoer9JMKSg,10
16cCF9_aaDxIa1hO3gybKw,81
18kkPUHXsYj9qfMtiLlgJw,11
1F_lKVOdC8UN-5UOQ-FSGA,29
1FeB0RbAz9kdoZsTf05arw,15
1LUZupYFJ6CxSKU37qDSXw,531
1TMkNxmaJuMCZh1osxizPA,209
1UKBAgYxI9Qax3AA4ULw_w,26
1eCw55QfY-1c7n7wtgf93A,20
1el_4ywdqa2lIsI1YPEbsg,27
1fGaY2WlGv2l4as6UkMFrg,194
1gORtnWyZrRc0kPG1-EeWw,29
1ns2MWIrvR3p2-OgKpt0qQ,37
1r9Be3uySySGhQ7ecGMfdg,28
22uHGWZ2WkhvmZDVBGcdEQ,12
26g6EO9eqWVsA92yomXKpw,24
27wPl0IBJPPHkCNPzXDmnA,12
28W1WtQCD5X9GxR6A7q8gA,31
2CDI713ATuxHfnB5b-sBdw,1407
2JELyyb4MdGtrVIWD5mpfQ,41
2Wmvi5-7LS1iw5UkOuLWlw,69
2YYN4j68YD8S8PsygtJaQA,197
2ZSnGlqj8JOWcN2bNf-3SQ,248
2cfEAFZZee8fq3Xx6yZ87w,20
2dMyN3EaNe-aijFccFbYXg,33
2foZO5xadGFXF-ECeFWbPA,25
2pDXWt8KnncH7FEHL25NvA,423
2sp5J1TTPz9KNHmoXzEUAg,20
2uWtuSX33e2fKGQvpS6b7Q,11
2vpflvpjxG5SbE2aSScg3Q,44
2vsHDnVOwO54rKCt1An3pA,60
32It9NN_lVismU9tcuLB0A,373
3CsBRtDT5WOUu8IY0mHhXw,115
3DCbl5GrBX0CH71jbSC74Q,40
3DvZac7cg3nbdC9KBCQEsw,181
3FKIev7ZB_KE6XHL9sUJCg,416
3M69f6Cg2CAgpEcIgoKS5A,300
3MIsXwx5zVmlwzRx9UnuFQ,57
3UBG2rwjgP-6ifTAuKl3Gg,133
3ccAyGhQyN7XOcMNWvytYw,75
3i2osEy5qFjdl8ONoDeQTw,26
3u5qUgOrgczTdCUhb0kKow,65
3wxKriseiH9Isp5xmyBupw,85
44Xh-IjWDSn7XTw1hzO50g,779
49v1EM5ao88mJ-d79dwPVQ,29
4D_GsaRoqk7P09VOcgezlQ,182
4HLur5bFXB6pT0o4ao3wgA,74
4J06--ty2Ydj1---IsArLw,860
4TleqRlbwgXcIgz33HjLJQ,221
4_u6ikFiy1MMwPA9ZDkuXQ,29
4c2g3f516yTu4mZLbYqsmQ,18
4h6Fhm5g9mlNBN6nBLwWSA,39
4hv1n1VBzMvE-T4UtIcOcw,535
4jONpl2rUUJvt7UnNBOX4A,17
4mt4ElDuj8ryeDn7Rcr-_g,92
4qG7aFq9-45830OfYt7gCA,293
4rMUoAD4OylA9e-ED05Zzg,45
4tyoxyxyCKpcRwkbyIizpw,63
4vy8j-L9zXXFH_wh2sVzAw,52
5DDdiTlpK6Z2fqFs4uSTQQ,271
5IL3rTT-_LHyvVJRVNKxaQ,55
5JDr2Y3Z90swrBJtVH0oNw,23
5NtlI8JSlVcDNcsstl9oeQ,102
5SiRf11-pruaeDoF37jJAA,25
5ezrDoezdUlJpUa5Jg6dUQ,63
5lUtEhbOrvBARVNI-YLgLA,64
5ttu4EX5BFj3sO5GG-XYQA,19
5vAtunQlPFkfdTI9zn4TIw,138
5yHr68eo0ccYUMSx1bQFcA,51
5yeL75bFLZlGB6dUfwCIQw,71
65TDxeJI6mFStXxSqAcYWA,22
68ThEdiK0eWCEgGEmV9Tng,299
68YMbUXLeDo28HmBbFJ1Wg,160
6Hqs_ncxV_SJDKvY9ISTUA,34
6OC8ErU_m06KABnfSXTJEA,129
6R4McGGLgUbm1ChZCKis-A,20
6RVwHKupjKs8lyu2qDQXtw,9
6WyvHRQ7ufNda7XFFGFw_Q,21
6YVzV8cIn28pOPmXoQra1g,314
6c8eIawbCBu3FLp2kDraBA,190
6g3pHoyXeMXFC7WD0rbJMA,14
6lKI4yBdi6sajDBZV-KmQA,61
6mkwPyb919Xwej65K7AkEw,52
6sLkF8DP4U-8r1qcDauM5g,10
6wJgea1AH_ppd4ROTYgoVA,158
6x9hcZ1CJ4S9avBgPGS7-Q,549
6yViIhBe4Qd60a-GCDbm5w,90
6zXBmEBGqFVwTcPqmGStfw,50
73SCAor6x6Acyv5cEp2Whg,14
7AV88DN083bPNmNue2my4Q,17
7Ct4QuWaY63DkAOXqEiVGA,16
7J4k_kJN32LEQ6ibixj7wg,48
7QfRLE_ti1yA0NqTWKLjdw,205
7gyFoLqapUSW94EI6pFekQ,126
7hwH3wiWB17U9Nw4EjJo0A,52
7obWY9fj6AvNT4Nyfa9lPw,10
7ormmSk9UQxdS5QLCLD9Ew,74
7x6jd4kyzc4r19arTc320Q,13
7zdWY4WhiEsYsSPJhYnPZg,16
8-1vYscR7TNGF7LcJeNZBQ,90
8Ck78FmeRO7W9iy1-5eCeg,151
8HdSXgVPcZUBvaTKqlUL2A,35
8QtgPszOI5-4qwizvWi5lA,23
8VZd61Jo4WUdacQuRjrZoQ,10
8W4w1sXXDER5ujjE-cuOFg,105
8Xk9nyQkaLZyWJcZrwX2uA,8
8XzJOLIIZs_aN6GZNur-8g,13
8q1goL8IPTfNMdEPm5ssQA,23
8rR1SQZZHz9z_4MMars6jw,61
8ueey6KW9crymWsjjFLr8w,156
8xuhKP08513N2W32JOMW4Q,653
90uXOQ0oaEaxiO-wJQkaRA,26
94wTNYCNUYf5eclY8KxCcA,46
9A5Gw0At6so0x-vWM0_JZw,320
9Kc8kccL0kkAyReycrr4EA,152
9RFPD2h1FdP7ASKk8iGSMQ,40
9c7MUiE6VI8NesjPdj5FkA,534
9grEZiXcQKVgVz73W6Ah5A,20
9kYR383I5IumdKEFTAsrxQ,165
9sEzWuaOicYlbp9a6A829A,27
9sOHuGGwb8uRVu7pANSWfg,241
9wicN8U1jTdXG49anAV9JQ,8
A0QbndhHwlqfY0McSy-xQA,52
A37C-01zpQty9FmxvZrxEg,63
A4lNNEM6ovL0et9hBnoDKw,268
A4zsfXGNGeOu37dDMcKTUg,58
AFG0Xm_iVHyCgikI97F8Yg,57
AHtX7vm26KgfX4Mcx8M6pA,18
ANmX99M5KtNWi5g39TFIKw,45
AQmW8ZREbg8ZS0AjkARDig,54
AXb5gCwqHl-_v6ZIMb1mXQ,65
Ag_GeZwOrT0nmyhnKQiVBA,43
AgcJCv6R9d40ByHZrDJ62A,157
Ahiia0mDn0VYt-t6S12exA,30
Aiu1Tm13sMXRAGRYFZ0MUA,43
Al8y5FTs9tW5VsxTVy9ZMg,277
AlHrYVvcx-RcIbUz5aEiLQ,24
AmI3LIUNwsi4023hOVGu3w,841
Amlv0ZznNVC-EzoAN_f_MA,56
AnZPS4hUH1TzPrrEhIjJcA,68
ArNDRug3p5zngNHiLivnFA,128
AwvhobfqOJNBnbXQ_pB3pw,136
Ay0j65KKb3sOrOFUVWs44g,98
B-O3TsBwkK3Bir3AbVlhKw,25
B2u8anybTXox0SiUOqIAfg,53
B3ge1SSk9U-baGyUSPG8MQ,34
B6Cn6maWQ6sLhLwYGLhSlg,275
B7ITvKiGMf6X1tS7Z2N9vQ,13
BDiY_LD44UO3vplJ6L9fhw,34
BIfo9AKEpC8oIwB60YAR_A,138
BOq6aYbFAyCYNv_7O2mIMg,185
BRl-KarobZBNuCvhz5RWKg,124
BTnkLg9-oy1YFtAOEt8WGw,46
Bcsd8ZedTR5VK1DcGnmDtg,9
BdWmI-F_7ajVToqDDL5A4A,18
Bmh7d4yVxpgLPQ8KLcy_4Q,36
Bmoc9P_qcjuPvVzwOWIXJg,29
BoEcsaokOWStr04tQqr24A,90
BxfvdHqETU8jWYUjx5OL2A,749
CGNGY8cHPfLeddV1UNVMuA,11
CLw-I3X3X8l1V80jxPv3AA,49
CYJRj0lF120-WC3UKsuh5A,108
CoCWZV9gvHKUZt5ndw62Ag,40
Cpl1-0iX6N7yauiJKhpXfA,48
CyZrPCmQqMbXdD6SX02f6w,32
D5yLAET1cRsVEEGxtIeRmQ,97
D6iFuPJ5MHbHQafduwUHgw,44
DDJbil2c33o-_vGauoIOdg,104
DJ2IlHhKH9dPeo3-z79Y_w,38
DKXeB-JIou5XPI49CzITuQ,61
DMmdMkh7sIhUHgVawGxY6g,8
DQdRVHYRw8bcLT6Uyt9PNg,7
DRMEopD9Td8OoDk-JWm1Rw,199
DSH4wPdivtYZHJaNGG35uw,18
DT3ujxJgs_OTgC-ZYf14Fw,41
DThL8pJeMkpwHEIFS9QGOg,11
DaXCyZLm8yBsR1UndzSfhw,57
DbsVMg43LXjrOIWnLFOeZA,14
DeSsx9UMrU3tfedZbZfCag,26
DhZVpgeBKxoLd91MiwTxpg,363
DpHiXRM3cxC9c2i4idYw0g,132
DsKzHnkLKnxZTVsFpts4oA,611
DytKODMqcvQ7MWA0NN2uNw,197
E0PQ4AV8cos828VUWvkbbg,39
E2-VXp6Jc29s4EHLrBtkoA,170
E8jXRCHPjcUTFboBPQY6LQ,42
ED-6JeGGo8C_m7MiSB36Zw,106
EEQJ6wnHD0x1OM41ldTTWg,117
EHUNi6ZX3z8KaXFjGtDd7w,54
ENhzvzEbixDwE3f5G-shbg,91
EPMHuTHu46B123ivRIZ-Xg,128
EQWt7FQ3fPOwIKrt8s_jrg,20
ES5-3q2LzvChQWlhbFCZWw,20
ETAxDtQbcCmy5ibQ5Y6Glg,99
EX-ioSwVMafEBVt-xIzcxA,58
EYc-VtaD12M38OBnqFS32g,26
E_DS3V_JY1caD1FU1ys2bA,57
E_TWqkEwtzwhrRtyDIU2nw,54
EdopUxxfxqEA79Vcy_dT3g,260
EekwCjDqa9VT6Kq_aVE_0Q,231
Ei0wJeADbNtwvA9CrvknJw,37
EoXPPhjf617rKvEtJ-gssw,37
ErCpFI7z3eJc-Gun0tWVZA,27
EsQZIf_5Typ-plWtOr0DgA,75
EwfTbC1G-_v9zB-faA5x0g,129
EzjysPg2-lVX1E0ibStUXw,423
Ezul-y-trSK8EHtcv40itQ,109
F0v0inbX8fjtBAEk1IUXng,56
FCq6IgIgS6VfuJe2T01GeA,27
FGglPog_31NFIk1uISYNew,8
FHiltqmqYGnE0Y1NM9ZZYA,23
FS18LbRq7vcyKQZw0bpFRQ,10
FUMp1kmo3ix5BstG-OW-8Q,21
FotR6jku5WWtm8THC4T7ig,32
Fr8R7mWsU-NMs_RxOdj6EQ,23
FuyZvn7OxiJnUIXoaRnriw,51
G1PbNo1yYxAu7G6b6sXZiw,93
G1q1IeNbiRJL5bReBLFdzQ,91
G4mEyZGeS_4JOuAQWg2dJA,34
GEL_vUHipc20TvmIRh-33Q,99
GJI1ITRdwr6Ov3GVKOTZcQ,81
GKohndn_sMk2nWCh1jkAfg,153
GO_skt70UblyW4gYss2-EQ,279
GR7eQKhHRbVWpzRsCAMfEA,36
GUMVStVaJfWmCIpQA4TtHg,535
GUzVgl-dYDyvCULv2CrZEA,99
GXXbsAsNLGuLYTQKHb0XMw,268
G_h3OH7YLOH0iqW4YQU2jQ,12
GaDat3DWr99YcWhPFRA5ZA,74
GaDeCypnvJKZBbv35hcpyg,58
Gd6yIH-qhf9uCdtUWs382g,12
GeLIGSZSobCDxi6lvZr6mQ,15
GfIk-0bOXYDR8yXZkDCM0Q,109
GiSzaf49ouPSo4UGmeFgsg,71
Gj5G0asdNZILROHEUEF-iQ,9
GoYSJ-YY-YwbxdgasHuq-Q,1232
Gx6VfCz3OTtcQYfsMucMGA,35
Gx8lLXUrtwJP2Kh95WZNBg,85
Gy6tBn6lrf4AN2Gr1I8Oyg,111
H02FqKUcGXgZ8I-gI4CClw,48
H2c5e7PfcCg9f9Ew19-xRw,25
H8IhwR4niiBdIhJp-7fx-w,40
HCN3XWVqv04fws8vkC4H7w,149
HFuAKE0uZ-frIMjroeA-cA,98
HHBbetQ-XRQYJprT5Qp9jw,115
HHKK6IAvrQrZnw3wmYmjPA,93
HJRpJsw7eSyKB4Wgbq5TNw,11
HPVpxcwDVjgZatc4M8bEnw,49
HS5CfzQ_gOJHgqwtv9rvNQ,311
HTDpe_9wVAch0kRZtRmAvQ,144
HUvd-1wcHrVftpX6OjiN-A,11
Hfv00bSvms_YLkJyQ5aC1w,13
Hihrbl62a7Y6I9ca0Jm1Uw,64
HpCsADSPPSoCghfcZeT55w,272
HqmZoAaakehNqnb5mtwcow,15
Hr6aM0s-woIJaW6DJSbvNQ,568
HszIFq0D6aZKJwW2hVwWLw,13
Hu5fC_pfgZ6O1LTPwLQQ9w,155
HuDNHqKv9n1mWpe4BqCnwA,53
I8IPPZvEPdb_xG0nGIMyjA,308
IAgeKx3Z3_JqMjcAOCy2dQ,280
IGxrAQcqw8Mr1x9WLXQsNA,713
IHcwZXi-0x3dUDH7R8YA5Q,18
IKF8XeK93NsQxrXQvdGZmA,231
IXRSMV7U5D0sYJvArEbm5g,160
Id0a0tIcGxaajMtxkQrwgQ,9
IiatvDg0R1qwPtKPmSOdlQ,28
IpjTei0uwlT-bSQg-19m9Q,12
Ipx423BSHRNBXuMwUHBxqw,33
Ix-NE3bXbn_rKCTbNM2HEw,33
Ix_88gFalSxSCsz5Fbnl7A,187
Izml8vnd3ndJ__ocSu37Vg,126
J-6zITFsxeTL3wLBeDDSWg,34
J8UPVO_FTALzvJ0tlMdr8w,97
JDv3h1xRFIW8fXckqgTdRg,462
JESH2uerIEORvVSmtZwYVQ,139
JHgfIjfB_C5LH3r7e8hV3g,31
JJf5kraABYVEHFX4b3I2rA,18
JNHEadNYIm5eY_4lTjmISQ,46
JXHEyz6h5xl5Xd2ZpmXceQ,18
Jbm9hgnWZGPtWEf-_iNilg,107
Jdu628pzztBv0gzQ-FC3NQ,43
JfcqdhFeK3GLSiAIl7A8yw,18
JhAyG4TYH9sFGVGhxjHsSQ,9
Jk2UFmtR6CQO0EIy8RLtyw,128
JomDoQafikclSVVCPkWjnA,294
Jxc2zxU6R2zSHlNEFD8Bvw,24
Jy3-BMdpLm-ST5nbsVeYHw,9
K-t2yan_iLwcxYf7-1Or5w,145
K6rN4W4ErLVItpH_nIZncg,60
KDplhtRYnHOCnuIjIGR8fA,462
KOGYT5fzVLYRkrn3I1t3CA,18
KYPhGJIibu_7ePIX4HNs6A,273
KZ2V1ZPnrwoT0zcJunyIQw,257
KZyyoQ_nxLMyzO4d_Ts-NQ,100
KjdGQMxhgW25Fn_A-DNY4w,12
KmL7ZYTS5xvbnI5veNZ0uw,19
Ko6WrkU-vUngOIJG_isrzA,125
Kt4NZ9IXvRCHI8qvV0h8qg,138
KwZmVtzEuUsqNJDIvToqCQ,48
L7wxpQOteDpED0zcn4hsHQ,61
LCrT-HiIYiTzW7tpxuiTZQ,33
LJsEHbJIqfjDwX5ODrP7Hw,9
LM54ufrINJWoTN5imV8Etw,1522
LOERTipUKUhDq6BayAXqUg,91
LSGDvJrw_sWQQ9P-fFPhaQ,38
LVteL0Rnh2E_yOFCLJUPhg,86
L_Rwy6oSAnMUY3NCDspxmA,330
LeSTO9HFrXpsr_RV_GuLTQ,24
Li7WVJmLImFCfuAAMj5fsA,43
LkasU7-347mpSm3erAQHyA,230
Lv1GgMxKIpATo307UMA2Vg,17
LxM8hN8jRG0rGhlDJhd8XA,8
Lxj_xf86x2GFPP8FG0_5tg,97
Ly1mDMeZh3Ih2QI46mE0Iw,35
MCSyG3ndsNFJN-F9MQWM0A,32
MOebeaXAb5uiL0BUI1AmFA,65
MOqxUxYiMXCdwhO6Oe-8Ow,16
MQx5FybfhdY8T989WhTl_g,30
MYZuMWSZ9-1q-_1fbWfvow,151
M_EpyAH1CZZVlhxfYBLOqg,547
M_pU-EdKSa3npy97cmO_5Q,34
Ma9FrtHwHi6KgtwEbQyXTA,29
MdqvcsCUSig-0ga4ioxn7g,115
MdsVuBBATS0-TZhPAdzMHA,17
MnB5oYCBXbiF8VkIiyU44A,54
My0ztUgvsTJhUhSBjI8F5g,77
MzQwSC1JAZFBpN--SqrpGw,122
NBZCLHsYglM6jc4_G8K_bw,14
NKcEhIgXDxH0bhWryfN0Mg,16
NZ456aDOWwZQYQknRcM4rw,15
NjIJB0wNbYXg4MTlGGjTmA,46
NmzXH-HdWp-Sxdfnw3imUQ,9
NvOMeOZp6SC702ZqOLM4Cg,84
NyvD8Rr2T63XqC3gN-UCYA,39
O0bb5FOiUSiLbyKN8DR9tw,30
O7l6SYxKM5Skl7i-JsRJ1g,131
O9U5qKQRh2goWjo_LYCfyQ,17
OH6Q425VX0lUOw9k9Wx93w,19
OPHGs4-Lm5b24TVToalq6Q,32
OTNPMzKPb8LVQxX3fXJaqw,115
OUmZYqNbOj-ZgVsnWH8-0g,43
OV99XlJv_jrAW-SDvs7OUw,23
OW4FSNBq3UAzC6gUK_xDGw,91
OYCMbxOnPRTfyDKIhnIV2A,168
Of3xjnH-jwwfZule44ihOg,282
Og32VlJ-InIa6y_O9cgR8Q,49
OjM_Q540jV0AHKCLOX7gHA,141
Oun4NN-u5yiHIxDqtJnxgA,516
OwGM27Rr6cjByiHzL_NJYQ,12
P0QE-Q6kUqU_ydmHCIsAJg,22
P1DkSlegzHKdxJAXe0QevA,39
P2Lm1g_RztvIaH4daQsXoQ,405
PLCkzbVa1JXpc87SoHiOgQ,22
PPEjKBvE2lV6JNUVnSHkFA,137
PPjb-hFfmyE9uVj-zm5L8w,9
PRmGQsldPV7I5uZhEEymyw,11
PW1lvT2bJCg8cH0ClgWnBg,55
PYUI1OJVksGUbCrteU68bw,381
PcbJHYd9Lu_mL42_z1dAzw,101
PmdNRZ2Xrk23ek6EY_mZ-g,85
PnLPuCfVFYZPbapKSpzKZQ,86
Ptq4bgynZgnqgyx2FQbVWw,70
Pw77mNz6cso9quMp2NwaiA,60
PxG1rLAfbvtoAWrsq5Rhog,131
PxhAaIaM_VmcUSTQqG5OWA,38
Q0pFg3ri7kt9xIxxXh7-RQ,280
Q2ovEKNEIarxX67c9u2mIA,10
QAfl3MUVyh_LMCKTl3Q4Nw,7
QEASjhfyCwbyQD2f557StA,28
QHOim2XPDxt_752IDXvmrA,193
QIEajLDnaNgFrCHWmiXCaQ,58
QK9s-Chx69_U-M2gsPb3Gw,268
QOMnxrPAMZqKZ7liT21CdQ,49
QQicdJerPw6x4fcDdZw9gQ,45
QUtM06FGp9MyvAEzjPwbBQ,38
QVcSv47o1DT-lF4vBsQizQ,296
QXGnmsKYANxOyZBqM-zlJA,437
QZLOM3T6xl7y1Q6zqoqHWg,25
Qd8J4y-NmCkhbIbFjLByXg,130
QkOLTKmHsr2sDWlKxNuvCw,124
QpfFe76H-VCCYvA8qUABrA,13
Qt-yEn_BymopCRwkSJEW2g,13
QwetkaAuAhXMaA3lYkSqoQ,12
QyWxTsVvvqSEpU1KNblRbQ,31
R17gwW6zn9ilslbdvKdgsg,1293
R5nUF6qAi1tfXI0d_66nHA,19
RBCtHLVvc230q8zkRWIoyQ,160
REiAM73RkOxFqCVlEFiRWA,669
RI33oswGDkIsc0fuQ8GzjA,177
RQFk8wIcPZqfU4WL0XGCjw,122
RVUA10GgsZCJpgEoPAKwdw,28
RXh8dnA0yZzGmRNrxgDgmg,11
RhtWU4tTmfzC-715ltmv5Q,9
RjISdNawGnpjsewMTSGgsA,50
Rk7WpAeDuEj85ULgWk3xhQ,40
RrqRin8BYGrTlJbCDwtLzA,51
RsvdfZ53KZN-IHwwAM1IOA,17
Rtax3cbGkOlDISWD8KXinA,28
RuT4UXoJEtNGwzeZ0igeNQ,121
S1FwTmCAwv5ulu5gToWi_w,287
S6q5t-TGc_je8ssh06zTYw,155
S87Cro7bxdUaoTJRuOZSPg,17
SIoCIxjn4jLt2O-4DajWJw,441
SOthFmZo46P9Jnbzgzn0pA,64
SVd-qPuYJJ0c8EbhII2q6Q,26
SXQWqc8gJWaM3M1_1e90tg,40
SsdCrUeZlHqqGOWTfZ95Cw,259
StvwzSjNX5Aki0yBafTcmA,34
Su0N7Lv_8AiV8xaV81WrVg,50
SvymuQGYaUSqXmvh5HiPLg,111
Sw8rvE6SwsbeniT3aGUJZQ,46
T0qzsFxkHK9w1afnmns4fw,96
T14HIlV-byD9A_qpBmaKgA,62
T72tpiOTqLPOwuXTgDWxnQ,68
TE6dQr_mTEoQp2GkypB9yg,13
TFnGJlA5l_HDdzGDkNTdTA,227
TWk5EC3H8FT9J3VpfmWWfw,114
TkjhBKKptIu-7xJb-Oxy4Q,13
TlE4OrfOb0ydIfSQSQIyfQ,35
U1bcnz2obSJ7TuVlDABSAQ,12
U3cgoW533NMhBthVOA0tNA,43
U4F7qYg2ORdgWWDPZhowug,36
UFNpCQq1_eLnP1oSjMkRCA,56
UMpnAG62H99at_y-J1T1tg,21
UNWb37aMC3nuWdszceGMxg,105
UOzygOSJxEmfPVzNWc4qNA,13
USqzbsoYJInPPOnkcFWGWg,10
UTVvCIMgSAbUx2stCRAJzQ,25
UTm85DD1C_GMNrDzJVT9nA,18
UXOji-MYsS0SL_0ccTjbKQ,40
UdcLHHBRIxtelgbKBnhitA,340
UeganzGWqaNgDC_jHWW_qQ,18
UgRHq7iXBR1skdJnnyT3Bg,19
UiuYQTP-oxhEd01qpjQszw,166
UmrkBqWwGD8rFiYPoawmoA,9
Ur2C_YaqewfR3QWaWtJy3w,62
UrYsjkCWx21pn1arrYq9iA,36
UtibXZzwJekiDzwys4I19A,18
UvGiBbey4LfRNLDDyJ1MTA,180
V25Cq5aXcWt5ZAL5dkIQCQ,47
V66EXhrxKanesMhoOqsORw,173
V7TaLZ5EB94hqRIZ1_xjGQ,137
V9pSmHb0c-9SSqx5GJbYPg,254
VCcRIwKQPhfS3LOWnhPx3Q,76
VF-xxQsEeWYwdqiGVC7L0Q,48
VI4p14GU7lf8mvztZzs9Xw,9
VN_ZDpbJ3R6F-xOJ-ndr6Q,41
VQaIkoE4CslcvNC-4qxLiA,11
VSDdUwXktnvL_O0meKv7MQ,229
VSc5hpsT_CCt_Hvj92mbPg,46
VZFQS0SXzXPuxISbAgIVBA,155
Vd0YOj5GVv-Nxeo06HCfjA,31
Vnagnur1os0ZduOpvDH27A,407
VpnEe2jpty_M5eDMqSvZng,37
VtI_Pm7UjwZjxwsA-uBmWQ,21
VvqYQ98FjO0iYpKHgu91fw,164
VwVWLrakjfdXZjGwU4btgg,59
Vz6yll4aN3vovdMcGT7L6g,186
W6k6b-bUaX0goySzl-zgTg,122
W7S0G6eLDFSoxVBpaU33Rg,29
WAiKFc7fEE6v9eJUzuQAqw,105
WDm-Z705Wp93k-46PN_g9Q,229
WGfnSTCWAzk1xqtkJVB7RA,198
WHzeDa97M_eU1FEZaLJ_tw,17
WIYMl1aBJpCS1ed1e53GGw,31
WdS2zyg6lJNeTLMIvkmWAQ,249
WetGZHi6Q_A-zxujdzjVJg,113
WeylzLacbhVyhnWAbUJ4SA,141
WllnLf3kBK5lGyPoKWICXQ,87
WmYTH7lcDV-eikAlC2UXcQ,10
WnT9NIzQgLlILjPT0kEcsQ,29
WoPrxjeABHKqBajEEW4HyQ,25
Wpw0OPtHXKo5OUGmY1rcSQ,58
Wtr51cNrv1pYyIRg_IawYQ,423
Wx2L1IX7pN9Nom6Lb8PqNA,25
X3NS8516o015Z1zcOwrqmQ,135
X4M96ni5ay9ZmqWbgQxGZw,12
X7TvrNg6jY1Q0JHJXjlQ2g,34
XBdaG2kQ2Iz9VNGPZokjYg,97
XF4C6O4HWhUipPiRfjtqww,20
XHr3rn4BhvPomAlr7YePiQ,30
XJilSa4Dl_kqDoTnsVPFUA,76
XJnTY0wG45x9GBrgfNpkCw,538
XNmR74MDEJfIiEYIbKgqaA,85
XNqXFyK0vUSBa7Fk8Lv_lQ,36
XTVlIRK2X9XYGCv-1OiaFw,41
Xk0S3pykXk65CrvvtwqNEw,24
Xkdu_37aNqJxilh9XQSmEA,47
XsfuqDqw9eOaQ_2FCv5MuQ,345
XuO9tZt0mEJeawrrt0R52g,63
XxvGmAlvZE-8cjDZF_39nA,13
XyR_5dGY1-SqPUQ48_6R0w,13
Y0I8efE0ryP1--p4NK_rbA,223
YA4OQvZFowHG4_78xis7sg,30
YBak8o0xCiNN4sXr3izLbg,477
YDisPepPeWeELiVGycxOlw,114
YKWo9g1-uHJv5-NDWh4uUA,44
YOqnRHASr8ensibyqqFmSQ,12
YZK7wxr7pmkc9h2hRlpX0A,12
YeJAxQZMvD0YldaDu4rQaQ,30
YiKhw6n1lrHrFwuY0Non7Q,89
Yu_QofgDAjn__QsMi5Wudg,213
YxObfIypwDrJ8TbwLkqwEw,32
Z0VmjWiD6t-n1_YBsYVFCQ,37
Z1BXJmTyQKhJ-C4lCBpAZQ,47
Z1whpjCi-3RiuBPUtdK44A,21
ZItR6OeBp4MX2LjqCS7TFw,16
ZNB73mij2iG0wfbXBazQdw,129
ZYRul0i1bhOjirHED6Kd0w,154
ZbsH2tXBjA-3v973ZsAZ_w,20
Zc5KhfYODgRQWBi8JA7nbQ,15
Zk_GdMMPgEfKUECCxAxvwQ,19
ZufSfqQ4RfUk4RAQgnlc0Q,264
ZwkdQGbg27T1jtFSP6-ggw,91
Zwyimxd54QZ_2cykFDJ_VA,58
_FQ-nrR--8Q1O1sYxefNug,18
_J_qd4JPH4Gtetv-Ta6W_A,169
_OScyXrme3hW0I0eAv0yOQ,124
_PundYs-vjo7ELl8lh264A,46
__4gkf_0UJW78rkRzFm6Gw,54
_bEvzJhjkel_mu6nO4-M4w,18
_hWHXbRKS3kD75PmoW0F0g,38
_msFUghqBbYNmO8grFJNAQ,15
_n539Sga7PCvHQs--a4qkA,250
_qTgNBEvVhcXD1lHksz8RQ,65
_snyGj46oghIWXSDcrxq1A,10
_wcOVX6PPvhXGMpUa2Ij8A,282
a7_KZUJknqRA4DHQ3j9ofA,66
a7__VvDjHpgpncosFsYArA,115
a91F98AJr1tvjefU4eRv6w,14
aG7LRLXT9iLh59QT-2gaTw,53
aLJN5-DBnNM2C7FjPPQA2A,49
aNIqkFQYtBieV7NX3343ag,42
aYX4LNXDU3rlvpXgpa5QWA,65
aduPqegPuD0amg0dXtxBgA,181
afsP-p_pr4ikrboB5MtUzQ,12
ahe0FLpwndB3E6uszBe23A,10
ai7aDimoUMFzKmm-Kjn7qg,35
ajGUFDANNSnqUoLvZPCcPw,122
as7hPsyLUSSiSEd2o1nErQ,16
avB60OOVc_YOyfbz2AqL_g,129
avE-w77G7GPPhLH5ZUnx8A,42
awiWJQVgs-Obsd7lB-m01w,10
b1pdnbYvBdtTxJOOom5WmA,85
b5_ZIVZHjYjzUUsMB-5b7w,82
bG_aXPwQoZoDvj5-kZIqRw,91
bIDyzk1VBkpofSORapAiew,15
bIQSx2fiHMq0IgmUo4C8QQ,72
bKNULviFM4ayuSwq809DIA,127
bNssht6kNekjlmT5YErBew,172
bQHG7iFr6zBoyl25aQI01w,27
bQpgeAc4Ug8RmzGbr0OV2g,53
bRhnVTfuxDchyFguyDzuDQ,77
bUCKMsxYP3dlzm5JqzozSQ,72
bUnqKEP7h48ePxHMXV0fNw,17
bV5raFcGwmElIbX9G_rWOQ,55
bVwshpRymmsAGlmXTj-bGA,175
bYG90_J95h7RvZMbE4qstA,19
bZUmx_CkQkAtFwAVqVhFrA,191
baF2ZFEtsIo2A1k61x3QSw,235
bjKfJwNPkmkZR_Av_4VlWQ,71
bjPUhanWoinHi2kywvVzBA,698
brqnz3tOKwc8nPnGhR_NKA,25
buYRcfHO-lU2LGlJ7zZUOg,14
bwgK5d9oT2sUcvyBOsTREQ,204
bwlHQiKk7EACbEZC5T3r7g,14
c0Y9Fi2KSrthgsczdAPZ_g,14
c0eRjo4okGY_ppuwTjNYzQ,41
c5_CD_YIdwPk40chA67Uqw,66
c5kcBGTi_xr32z88o8Al9Q,40
c6hhh1Kpr7iau8qMH74w2Q,439
c74bQOuVOCkqWsEfkgFUgg,97
cAZzKens_VhKXw002XfJgw,55
cG6FvMfbZmD-dDtLUwE2ow,106
cIPOp2B8Q8FWsf4rLdKLbA,29
cOKIKCLuUiWMUIb6Fp5N4w,31
cOSAFwj3NiEYFQpgheCygg,30
cOXc8c85Ms6dMEAJazLXHQ,963
cSLT_5UIlQ6JKzgYklBNeQ,46
cSaoPFiZUzaTgnxM91KgXg,61
cWu31txqrvLHMCUNdmnxfQ,111
cXfQ9MqoG41RGd8oIaFxag,16
cXn9eb7lsQVdxSPPPbEfYQ,14
cZ9Kaebb2Epq15_JWzPHbQ,11
ccxPXzCiungnKGPjrUdw1Q,16
ceSjm0nHamTmAd1tWcuDhw,20
cga_fZV1egLtyVSLb6TGhg,172
ci-kujWfHzsg5zCcqYZLKA,300
ckbvLKwjEb836t-EDKsVVg,303
cm0bhBDPM3bjBefmEXa3BQ,58
csBftms0brareTQSFGwpgA,9
dAaWxrY4le8xvTMqNjIRtw,52
dBMyCSVmAK4WC-o8AY03NA,42
dChRGpit9fM_kZK5pafNyA,560
dJKg1uEIE7cst91x8F_PSw,124
dUrtFfHBz15Q4GiyDFAqUw,43
dWaxiIFlz1kOgU9qzD9W4A,16
d_v34pr_SaxJfOo1ousAIQ,47
dkxB_I_3-63HJMmQszE0Kg,13
ds4Vf2mPGm3NXb0IvpsNtQ,34
dtsnh96yn64IT7sErc509g,55
e3Y3hDpwHc9RmQlJtIgHuw,427
e61JD2OVJn4yKS2wNZU_Mw,14
e9qNMs_SAw68QxLgV9gz0A,18
eCqXLayE2aN2CquG20nW6w,163
eEMqe1vC53vu3bkBSkekSw,69
eFKG-I-rfuBmzWlDoiZwRQ,73
eJlWEpImyfDB8BBPgNcq7A,86
eMiN8nm70jjKg8izikVWDA,572
eS3gRY_8yxWiGzMZIdgz-A,354
eV6TASovhCCBKPksZfJ8Pg,38
eVI64EQymywsvMLmDLX04w,110
eVnItf7xUwMn0HzRVcFY6A,53
eaUSPTynZkTg3qj_drNxPQ,13
ebnrEK3yNKkZE_YMVWzlvg,28
ehHQQflMgSUX5T3PFyjBWQ,34
ehtRUGXtMGiyjEsVTvyIKg,36
elNr6gSmjopx96cylXVnVw,56
ena3aLdMz2ym_OPVuTIJ2g,47
erObO9jRvqdnSY6uyeQTnQ,13
evM71YsOcaH9NVNWbJqMxg,42
eyPjx3MbU3zoWLo6JevpiA,208
f0xvxhU8xH5CzvS03L1PBA,115
f37jqHSmSARVyrBOFnVD2w,11
f3vUlNjhloQJVF01K7ENCg,20
f9LsZj4pZKMLzs7SK1ySzQ,45
fIlR_iCy3m10_UYt6lJjHQ,273
fJNSx1WOo77TmP7Bl26w_g,137
fcAaBcYFo1YqetIjs9l8Iw,55
fei9rruZ08-jy2pRz_0fNw,179
ffbSQaugQvO30KdGWr9qMQ,10
g16aFG2n7xJtFzy1KpPjZA,45
g8OyaT2RL8JCKItDExcFug,237
gB9c_OMjvGrn36XjHArAUQ,160
gEmVqHPesM4z0dC3nOnkUw,10
gHuMBv4kPMZ_TP8FhN8ySw,103
gIN5c4N2flPn0GrMYxKGVw,9
gKThxS9CbVNM-58GbkRS4w,155
gQCKrqkalAc--4cuW_C_Ow,355
gVbikTFkfFqZedpRRPZdHw,94
gXRbpGUZeIkis-gHiPetvQ,103
gXf19lUQxuFGAqn0S_ytuQ,52
gbMKr0Om2E1oE5f4z0mQgg,43
geFqswYwGZ_XmuSJy3DEvw,136
giVJJZSjs8HEjiQB7moYUg,39
gjALduh0HJg-xMHMm0Uz0Q,115
gjFUrbSMo1rA1jgG5IhA2A,677
guZdmpNVnkO5ukrF2ONSwQ,30
guxzC4GOY1MYY5KqfItwOQ,144
gxipZ2126wTI7uDNLttHSA,9
gyRfeBAYTAx-Nh1xIoF50Q,13
gzDJSSkr3VD2ON7yWnCavA,11
gzJWNwa0dILVYIK7BUFwTg,53
h19gWCpOaU-oMwfybICyBw,31
h1L1nOBt2P8IkfPexu0T6w,44
h1VtfwRJ-xKTrDfy1Ql7Gg,29
h3AI5bjSwdeT_WYbziS16g,10
h4emxpoA_pQ-Si8fSzzLig,56
h5KYnGUvF4XXuy0Q8o0HtQ,17
h7TO_IsmLCYmKKDVOOIeFw,1061
h85b3MFPWyaopMBy8DpBpA,142
h9GfiOchMPrz1etgz2ClLA,58
hE-6qyH8_Tsoy4so94-P3A,48
hGb-yA-llJ7hnw9NyzE52A,156
hUX1yAimviBIhb21D_KtcQ,311
hYQe_ufTaQCDQCgNj176aA,41
hZfGntDJ6SvXhcWLfkCFSg,17
hc7I_QpCszT3mlIP9uW19w,104
hlS7wJQ650VrIZ1X0O2iOA,136
hlWD47o6f5UU1cmXpLGEww,212
hljCyVrQuuYtMj2D1g5DDA,99
hyFzDuyOWNG2rg5GYJ2wiQ,121
i221dg3tgAMZLG-zeS5k3g,20
iRp8WsHdN1Acmp-P5Tx-mg,12
iSHKYbQfB2q6sGnd7AD2_A,29
iT1SHRDcql3SGws9XQRscQ,47
iUhLGy41VYrLVAhJFH4x_w,12
iZ9fg8Dm3SsHa5BqXktGtw,137
ib6UeCrDpk2dMVWdH_mE0Q,74
idH97uIodDocSlWM16Muug,27
idbdC3hdsJLXT4eHazaAiQ,72
ihGH3GrL9FyIXojRFcaRMg,139
iksVwRfpWymIUUFqw0tXpw,1106
iq0qAJ2Oc3myUTTMLseTXA,64
j-WKXu1uJbB2AvY09we9ZA,99
j0kqlcG_HluOEEFsA7WwCg,127
j1Dwh1vyuYfIypTt-Aeu6A,140
j2580WwGiOO7IUlY7jOyRQ,127
jFAj4ZTHKukcEnFZXz2DiA,11
jLsAwortT8sdnqFLo0moqA,505
jOgXXZdODiH-drcJYZkDnA,133
jauOvHru-4OrA1lJ0JLLSA,42
jjPX9UyeVpF8egi1Clh6GA,21
jm_6bIhR_TuciFIk5rhR7g,335
jnJ1HKLavj9c917PGleRsg,39
js8ZrAG63h81Lt83wweSwg,58
jsixIJGKOe4fVBIwq69-fA,98
jyuy51CI4o4dZ9s3otZmWA,47
jztTAvxtscotr6UvBqNQkg,19
k1VWscMY1JqCHNVDk-lD5w,129
k1WPGl766RE5t42kD60RyQ,60
k1nxMoD-KHswR0lC0tujpg,203
kDgbRdOh-TEInfcumtfwrA,99
kIDTTt6Vcn6nPsZAJcDJTg,17
kINOfJQjPY7kmpfH03fPXg,112
kOmhn5Eo6AWzMVL6ALRq2Q,50
kSWXxtZzpZLrBeyv-1BUuA,39
kXmscD-bp90t4QAh0H7Dig,72
kbzE-4P0okWr_JIXm7txyQ,11
kfXc2ltpRCkqA4yV87jj7A,31
kiA1mrC2ZVoRmpsWgAT7ow,299
kkgaPaqs3VKdlPUCwCv3kw,104
kr6FpW5rMNp_OX8Ha4j0Fw,26
ksNOQbbUkbCUuQWmEopJqQ,37
ktMvtPI3TBkTOpSf1sTXWw,220
kuUgMFCIQAGFZX4rk4jj0Q,43
kwsjuXKb6oLv8PbEWumhJQ,13
kxsZpxBlYDFd-e0sh_c0mA,38
l6gKBfHU0YB4p2-XWNTglA,18
l8gAoQqqVfphPe9jmIJZ3g,325
l9eLGG9ZKpLJzboZq-9LRQ,10
lGR0o4OvxJeOB9P_sSciTg,28
lK0ClWvVzQHWIcxQAWTzMg,22
lPPFfaAxzyj8R3dr9kasbg,15
lS42krxXMm-HIk7dntRsKQ,322
lSZEa0IsVPWCT6Ym9NF6jw,148
lTBPksND75qaWNqmlseICQ,30
lW5DyXf2pFQ_LFTacnGsCQ,23
lkQP24RF-W7Hvb2WOPJWAw,136
lmIGt2Y4xKYDxSqGMpu0EA,16
lwN9FutfBq81GnGWhj5Mng,71
m2QC6syUBosOCBNTwpci7A,36
m6RGfATGF1aL_g7oYJ-mbg,157
m8NqeSyNohkvYEZ22mKINA,17
mBcvp7NarEQEviJyRiX23Q,69
mBgfK8HLthPOMPkEbYLW-A,96
mC_m-4k9Xo1kzjSL0w7uoA,233
mF8czpMukj36ovHb3lGSeg,233
mJ_itjZYQ_OA71q2NaWE4Q,36
mMpqV1aCQE7fXic5fNbefA,23
mXI0EYsb2eCi5XU8YODSeA,9
mcKERMt08KRgYO8xvbk5zw,39
md1n17dYrlCxmQul8CR38g,185
mf1udZPfiikBAND9upDdoQ,112
mi7JfdCRLfxzFG71oW0I1g,56
mzJ7BxxhLtm-TD1vyne1yg,80
n4GDJsQAyBrcWduMjcJ-4g,199
n6GeIePXC0G3eS8UPGvloQ,95
nBr6NgqcZz1GhtAngU0RSQ,8
nF5QByCz21MY0KLtSoB5KA,378
nIAbuktMEzVjT4P9pG89rQ,1511
nIlmZLuMs0JuBRvAHSIf8Q,283
nMDteyIwo3zLbqm45xBwFw,158
nOVUeN4lQAnrwskMMJ4nEw,15
n_zDBVMcBFU1bCOERIQ6HQ,50
nb4q4rKYdtgH6I8Mbm93VA,274
nk2a2nI1jfln9zLpxEvTnw,178
nqGjZMGQ7ypfxn2KmyBW0g,147
nqMGXZ3haILky26NDAJVSA,13
o0xKesgHna2vdjT_HuIUVQ,7
o74FfCoe-BCh75PeMjr_aA,50
o8LebIdVCcy1o0bSD6nT2w,210
o996tDYd0KRgeuY9mDeAGg,216
oEcWJZDKjFbTXcOt4sqE1A,12
oHp9Hrzw8Pm-MaWZk7ZHNw,12
oIr50siZDtDYCE_p5K8nYA,231
oJrJaagQTqi-pmz5ZbOp7w,16
oLuOJ-3q8zJ-mhrwcR28eg,28
oN0HEVZHX-u9yYKsYLuXEg,15
oOKk4ZeB-wfwhZewXE4dQg,45
oQiX2J7Qdg7pAIAcqrHNrg,36
oRLG5fJrGJzzj4AO4yjqMg,38
oW0t4UaKmQGTlyT6F9j-hg,180
oiTf2LUZwcbgm0U-jH0y2Q,30
okNELZ0_cx8GFyRFcHYAqg,134
ol8pa4uP3mu97ii5gvw9qg,26
osKg7baZ4O6LT4ghJuUv8Q,67
owa7WsRu__bm-UYK6KRVkg,11
ox9L77GJ-ghsjcZlSPrZDg,122
oz5GyYc_R2-CB10nrV1Psw,22
ozCkVIIAhNldop4MMnLYtQ,36
p1R63C5BpV2rOurtC4fgdg,10
p2LfPp--eXZQzKtMdDL2aA,39
p4KaROTF8mE5ewT5gxgotQ,77
p9Dd6AjOawHGGzcUntYr-A,180
pCBYHV6YFKGNTkjLHBGf4A,48
pDqwlUlcYZUIzRGHLYFr3g,20
pFgkDEm69IhsQxI93BDbyQ,11
pFwBaG-6kvrGgSRfIhgPKQ,33
pHBwvBG3iZdOfpLNZTkVWQ,95
pN4bu3X4Upie2fc9H7BY7Q,69
pSZzbCrkMwBdriYCdXLd4w,40
pTanA4AfvywjZCYWupCeug,34
pWzrmh1oiU9ngWXGHKnnwQ,351
pbcIgKDyOvecndwTOBgDPg,119
pcy24IuPvHpj3bHvP6EitA,10
peg-QfuNihvtk4P1jpuMCQ,32
pf0o9mamFsNXeVNwUC61yQ,49
phsLOuBeiYI43hglvWK96Q,435
poyBhK0An9zRo-WEt3ogjg,23
prWF6l3ukkw0zLl3tl-V-g,14
py2kSvhHg5B6Z9ZrLHRjuQ,99
q-zV08jt6U-q05SMEuQJAQ,1908
q0M2TAymqg-YV6VDh7Fm2g,25
q9Pupuw6Z2b8WaYK-MGt4g,301
qATSs3f4s2x_Ec8qm-xjjw,67
qAWGiUXtlA_ddhuVV5KowA,26
qD6EoM0lbEA-0tfPTO9qpw,22
qEcBKBjkuOCtcPIfcuNEIg,28
qGzAMjE4EWgKK5cpIBDY7Q,32
qHXv-os4wfrfSPxGPgj2vg,108
qOrzaDT6Q92tVnBziWw8NA,304
qRgeV1CMZawRblc2qjHo_g,436
qY-BUQY-SFBaSrFHowF3nA,1216
qdL-EbgoA7Gq_2u4e4YvLw,129
qkMMkIdghXUiN7eMNSpiHg,14
qmKCQtAj0tM_6WhQCa5dbA,28
qsm7SkX60JsajT7Yz248FA,798
qtsIqEauKkbW6PvXz6aMaQ,83
qusUFFrMRrkGVoOlz3lcYA,86
qxBaXbrXManP31ytCxS2Lw,84
qxRTFagnexBZgDe055CjkQ,752
r3X75SK37buS94mDls3q_Q,262
r9RdpSEb2-0SGD_UcvnDkA,196
rAe-1HU5Z-DuUXEbzASXDA,435
rF0xI_3jjlsEKp3N0Z0BuQ,132
rIqkOMxkeoqvUzl909gNmQ,116
rJSLcfePsO1pdNMnauXg8A,182
rMuvtl4eluKRXx77j5WEMQ,22
rNg75hKR0UIB5-jX5WiVQg,53
rVGxva6cx2eID4ghDLVHJg,533
rZw9O5lJ36m_mXeRKE4G9A,26
r_Szx6AwqKE_wgjS5duShw,64
r_T2N2tospw9zHhnX-1iAg,61
rac127HhFxS1RtWA1Rf61Q,11
rdDC5Ts8NZjuGHJn4bqMAQ,43
rjioWnWXnEbPc_0ocmoQEw,93
rlKk3ynwimKAa70zhpAntA,62
rmvEN4p8to8hx7o7lo8Xlg,53
roc-xyyzN5b_nImb0NdRLQ,77
rowZsHs7UFgiL4Okqnk_Jg,23
rqmZ3JVVBQVxU0hZ_sXhmA,37
rvceeMn_mPxVGOToGWWMGg,10
s28vCG365GHnGkWDSSsZUA,208
s5nduiTPNps4_2p9ZoHDbA,19
s6It5dhPEdLeiaPSXEw6aw,17
sBtVDqQEll-83ywL6yml9g,91
sEA4rp2JGOR7YE_SuoJSGQ,8
sJUe1pYicJ54xOXPDNT6hA,43
sMdB3cNDCArRJEjb3Er1OQ,17
sbEs9aLKIpF31VsH7DY1gA,29
shY04R-JPKuAX0hCyHBrbA,18
shbtvcGnl-PEQOpffwYq-w,26
shmNcjICpPMrbo-sjJ0mQw,22
stAPGCcWDJkNWA5u3nqa8Q,42
t0XZSpsqFFM5nlHHeMFNmw,75
t3PkHzVTvPA8qRxKe9TIkQ,269
t3uOJKilXAzO7vC2B83RZg,55
t81dPFSGJz1ZuaLoP0vp9w,27
tGgCNNHVzCPxtKE7PkBjwg,90
tHlEq_yvHuutJ4UxxEeMEg,47
tM-ObyoUno83kylE283iXw,279
tVELQMCI0485CPvgtTlMDA,245
tVxL-Ygzwp8NMuxwvNmWRA,16
tdWrPT2XT2NpPtfQQhf08w,86
tdXYmpPzMuBzm9bN46PG3w,263
tju5-hhym7bAyxJsAFZoFg,36
tmroquufdrXXwFx1qiXNuA,25
ttKqW7KM06WYjQyiyUgGVQ,24
tvGlen-jTl9alu0sU3bqgg,25
twuI1VB2L8_2MrhpswM4Kw,87
u-8sFq05DQ6PYCR5HiKZ2w,164
u0aAfNcZYcRaCpYeziqq8Q,19
u5_y_iOUMjbvqSwWXIx-5A,131
u6d3yxe7hns5veswWcSdXA,34
u9ZKz1sVVkLr0qTjj3B1mQ,45
uAJ_rq4ZQUgERalFBO_zlQ,133
uCBEcUgXHrKH72fB8TwKAg,26
uE_39C9Mi51XfZv68M253g,215
uI8-q_D1pADZy8g1R1UP6Q,8
uSW_RGoNOqOmtR1lchGxUg,10
uTUTULYSAmHGK7w5DDw5iA,96
uUZIIkBvi7-0114yAlL3vg,18
uY4LSPsa3bVKzYQitbfsUw,13
udwnOjbK08IQPiPL_hJEyw,32
uj5QvIphe4ZWHBTCJRVkaQ,37
un20fcU_7BEQzWueoVZT0w,39
upkreyzHS0heQGzCtJ0aNg,120
utk0M6RZXbtTYTbip40Bdw,100
v72qGvd53IxhM2m8aatOpg,225
v7ibuvyZutqZ7pjMCH1exg,44
vBQIBNOXsVrGNWKwaYEi7Q,383
vLK24sRbEUnEoB2SYUimfA,18
vUDuc-y6kKnauHAkqXwEYQ,10
vUkiYPpbkMXA99WneLSGkQ,690
vVfy055EfLMdd0yJYHxiMQ,668
vZaffHdIHp9qwh_23s0OkA,25
vlUDK6R08DZAmTzaIsFuPQ,14
vpfy4_N1PozCkvk2WDE_RQ,304
vpkCctZV4_q7iUkmtdZkzQ,20
vrDax0Opr-CFuvwp396L0g,69
vs0uV4vwkv0eKB5FIyI3ug,12
vvPGNsRbslG1-ovtMrLmsQ,78
vwAhm3pRjCEz_jNXr9vMaA,202
vzwyBgWusjT7TIyiu1A2BA,59
w2gys8QVC58VO5o2I0E9Rg,70
w9GI3f5z_I3h1FvJo0oc8A,66
wE0DNA2dGzwLUTy6rxz3IQ,25
wLMKPkH0t9kN-RLIJ26ORQ,10
wMQkdK2aNMvq2xoojC98Mw,223
wSuEwNNOTSH8LJcH1PJAYg,18
wT-pzGY8rJ_xbTJDKaSl8A,20
wVFy58Rt0x_ZGGLK_6VifA,20
wVxXRFf10zTTAs11nr4xeA,51
wWLic8cT6apGZWK8wWWSQQ,104
w_JNBcdRer2wZlKMiC4hHA,103
waLd1ruvJl_Ur0lVFxEzrw,27
wgh4DAaFm8SfIhUtoJ5_Xw,20
whA2TmbaegoFnrTtFZ2i0Q,149
wjJ4QBThuRUAz3m5-Wqxkg,25
wjemV9yGMJ93IvCkOmjxFA,11
wm5mQ4cSpvko9WlCq07RFw,967
wocwfwSFrNfYJRyfYSi1Cw,348
ws6TIgXXA-5RSHRrMBEktA,92
x3jRG95AVMBFcxVovRwIRg,69
x4BSeDfK8AFeguTRELNgUg,44
xAG6_QRd50p3LGpq7VSPoA,9
xPUAToEmtkJlRjIKDkpWIQ,11
xZBx-Xzoi2dBK4axnT-Lrw,24
xbsTbXKfuV8sIINTUQT0Dg,23
xdc0TbKkHMZN3N82oeq2XA,117
xellD0NghW7cmmeIgjmEXA,97
xkoMuRwlujZyQkijTtsmOg,18
xwyRa1tu9V3_JGHMiCg8Og,51
y1OnXk_6L74oM4ehHqVYgw,23
y2Y6TerXTiVRbnFcAuMXEA,12
y4xwjaoMiM-IX27KbBX1-A,48
y6BfLt9Gvrq2JsJvjkjdIQ,27
y930pQM0EUblQluRLkXLQg,25
y9XVl5058TPjHcO6O2HBaA,17
yEKmlxvhA2EWrMLbwWi7Hw,231
yPrNoVfE90iZxSYzty7RNw,15
yQYv1qRZ5zG-1UZJtHZlcQ,11
ydMzeoGgK9WMjomKi3CWNQ,115
yksAB6aQXfNRrZM0jTxyOA,278
yqSy1-3O1ldt-YWQT7YACw,23
ytJqPKLH6l4mpAb5x0XxVA,24
yvpwN5321mM3x8G2ZiEZmw,34
z4yBWuipKoas_hK9RrSARA,11
zAl8dPJnqEmyImoluzXOeA,11
zD7CNbDQQ67jWNOtoXLxJA,30
zEKvxI5F_j_dBfwRCfQloA,567
zEfS4bEO49G8mmQ9hhcPfw,72
zQPHrply2yeB1EGNnoS66A,193
zUFgmNOQqIL71lT_WKplFw,72
zhdJZc19FDnARtn_r9WDjA,11
zkUHHsE-ktfrNlhL6CXalQ,87
zqZx70_E5Y_W4rjhahpJag,25
zwd4dyQ5ovnjVojWfAuhMw,236
zxRmQ_FWVowh8rlzLCSURQ,21
